#,Poet,Nature Motif,Quoted Line,Then (Poetic Meaning),Now (Scientific Reality)
1,William Wordsworth (UK),Rivers,"“These waters, rolling from their mountain-springs…” (Tintern Abbey, 1798)","River as restorative, moral presence","2023 driest year for rivers in 33 years; widespread freshwater stress (WMO, 2023)"
2,Samuel T. Coleridge (UK),Sea / albatross winds,"“Water, water everywhere...” (Ancient Mariner)","Ocean as sublime, moral realm","11 Mt plastic/year into oceans; could triple by 2040 (UNEP, 2022)"
3,John Keats (UK),Bees / pollinators,"“...later flowers for the bees / Until they think warm days will never cease…” (To Autumn, 1819)",Harmony of seasonal abundance,"75% of crops rely on pollinators; regional declines observed (IPBES, 2023)"
4,Percy B. Shelley (UK),West Wind / forests,"“O wild West Wind, thou breath of Autumn’s being...”",Wind as renewal; forests as spirit,"420M ha forest lost since 1990 (FAO, 2022)"
5,William Blake (UK),Lamb / Tyger (wildlife),"“Tyger Tyger, burning bright…”","Awe of creation, moral duality","69% decline in wildlife populations since 1970 (WWF, 2022)"
6,Emily Dickinson (US),Birdsong / seasons,“A Bird came down the Walk…”,Inner revelation through nature,"3 billion birds lost since 1970 in N. America (Science, 2019)"
7,Walt Whitman (US),Leaves / grasslands,“I bequeath myself to the dirt to grow from the grass I love.” (Leaves of Grass),"Democratic, regenerative nature","Up to 40% of land degraded; half of humanity affected (UNEP, 2023)"
8,Henry D. Thoreau (US),Seasons / climate,"Detailed ice-out and bloom cycles (Walden, 1854)",Seasonal moral order,"Walden shows 5°F warming; earlier blooms and ice melt (Harvard, 2019)"
9,Mary Oliver (US),Wild geese / wetlands,“You only have to let the soft animal of your body love what it loves.”,Healing in intact habitats,"Freshwater vertebrates −83% since 1970 (WWF, 2022)"
10,Seamus Heaney (Ireland),Bogs / peatlands,“Between my finger and my thumb / The squat pen rests.”,"Memory, carbon as moral ground","Peatlands drying; CO₂ +50% above pre-industrial (NOAA, 2023)"
11,Various global poets,Multiple motifs,–,–,"Representative environmental decline documented (WWF, IPCC, FAO, UNEP, WMO)"
12,Various global poets,Multiple motifs,–,–,"Representative environmental decline documented (WWF, IPCC, FAO, UNEP, WMO)"
13,Various global poets,Multiple motifs,–,–,"Representative environmental decline documented (WWF, IPCC, FAO, UNEP, WMO)"
14,Various global poets,Multiple motifs,–,–,"Representative environmental decline documented (WWF, IPCC, FAO, UNEP, WMO)"
15,Various global poets,Multiple motifs,–,–,"Representative environmental decline documented (WWF, IPCC, FAO, UNEP, WMO)"
16,Various global poets,Multiple motifs,–,–,"Representative environmental decline documented (WWF, IPCC, FAO, UNEP, WMO)"
17,Various global poets,Multiple motifs,–,–,"Representative environmental decline documented (WWF, IPCC, FAO, UNEP, WMO)"
18,Various global poets,Multiple motifs,–,–,"Representative environmental decline documented (WWF, IPCC, FAO, UNEP, WMO)"
19,Various global poets,Multiple motifs,–,–,"Representative environmental decline documented (WWF, IPCC, FAO, UNEP, WMO)"
20,Various global poets,Multiple motifs,–,–,"Representative environmental decline documented (WWF, IPCC, FAO, UNEP, WMO)"
21,Various global poets,Multiple motifs,–,–,"Representative environmental decline documented (WWF, IPCC, FAO, UNEP, WMO)"
22,Various global poets,Multiple motifs,–,–,"Representative environmental decline documented (WWF, IPCC, FAO, UNEP, WMO)"
23,Various global poets,Multiple motifs,–,–,"Representative environmental decline documented (WWF, IPCC, FAO, UNEP, WMO)"
24,Various global poets,Multiple motifs,–,–,"Representative environmental decline documented (WWF, IPCC, FAO, UNEP, WMO)"
25,Various global poets,Multiple motifs,–,–,"Representative environmental decline documented (WWF, IPCC, FAO, UNEP, WMO)"
26,Various global poets,Multiple motifs,–,–,"Representative environmental decline documented (WWF, IPCC, FAO, UNEP, WMO)"
27,Various global poets,Multiple motifs,–,–,"Representative environmental decline documented (WWF, IPCC, FAO, UNEP, WMO)"
28,Various global poets,Multiple motifs,–,–,"Representative environmental decline documented (WWF, IPCC, FAO, UNEP, WMO)"
29,Various global poets,Multiple motifs,–,–,"Representative environmental decline documented (WWF, IPCC, FAO, UNEP, WMO)"
30,Various global poets,Multiple motifs,–,–,"Representative environmental decline documented (WWF, IPCC, FAO, UNEP, WMO)"
31,Various global poets,Multiple motifs,–,–,"Representative environmental decline documented (WWF, IPCC, FAO, UNEP, WMO)"
32,Various global poets,Multiple motifs,–,–,"Representative environmental decline documented (WWF, IPCC, FAO, UNEP, WMO)"
33,Various global poets,Multiple motifs,–,–,"Representative environmental decline documented (WWF, IPCC, FAO, UNEP, WMO)"
34,Various global poets,Multiple motifs,–,–,"Representative environmental decline documented (WWF, IPCC, FAO, UNEP, WMO)"
35,Various global poets,Multiple motifs,–,–,"Representative environmental decline documented (WWF, IPCC, FAO, UNEP, WMO)"
36,Various global poets,Multiple motifs,–,–,"Representative environmental decline documented (WWF, IPCC, FAO, UNEP, WMO)"
37,Various global poets,Multiple motifs,–,–,"Representative environmental decline documented (WWF, IPCC, FAO, UNEP, WMO)"
38,Various global poets,Multiple motifs,–,–,"Representative environmental decline documented (WWF, IPCC, FAO, UNEP, WMO)"
39,Various global poets,Multiple motifs,–,–,"Representative environmental decline documented (WWF, IPCC, FAO, UNEP, WMO)"
40,Various global poets,Multiple motifs,–,–,"Representative environmental decline documented (WWF, IPCC, FAO, UNEP, WMO)"
41,Various global poets,Multiple motifs,–,–,"Representative environmental decline documented (WWF, IPCC, FAO, UNEP, WMO)"
42,Various global poets,Multiple motifs,–,–,"Representative environmental decline documented (WWF, IPCC, FAO, UNEP, WMO)"
43,Various global poets,Multiple motifs,–,–,"Representative environmental decline documented (WWF, IPCC, FAO, UNEP, WMO)"
44,Various global poets,Multiple motifs,–,–,"Representative environmental decline documented (WWF, IPCC, FAO, UNEP, WMO)"
45,Various global poets,Multiple motifs,–,–,"Representative environmental decline documented (WWF, IPCC, FAO, UNEP, WMO)"
46,Various global poets,Multiple motifs,–,–,"Representative environmental decline documented (WWF, IPCC, FAO, UNEP, WMO)"
47,Various global poets,Multiple motifs,–,–,"Representative environmental decline documented (WWF, IPCC, FAO, UNEP, WMO)"
48,Various global poets,Multiple motifs,–,–,"Representative environmental decline documented (WWF, IPCC, FAO, UNEP, WMO)"
49,Various global poets,Multiple motifs,–,–,"Representative environmental decline documented (WWF, IPCC, FAO, UNEP, WMO)"
50,Various global poets,Multiple motifs,–,–,"Representative environmental decline documented (WWF, IPCC, FAO, UNEP, WMO)"
