motif,severity_1to5,river_pollution,forest_loss,biodiversity_decline,pollinator_risk,wetland_loss,light_pollution,ocean_stress,cryosphere_melt,peat_carbon_risk,air_quality
Rivers / Freshwater,5,1,0,0,0,0,0,0,0,0,0
Forests / Trees,5,0,1,0,0,0,0,0,0,0,0
Birds / Soundscape,5,0,0,1,0,0,0,0,0,0,0
Pollinators / Insects,4,0,0,0,1,0,0,0,0,0,0
Amphibians / Wetlands,5,0,0,1,0,1,0,0,0,0,0
Night Sky / Moon,4,0,0,0,0,0,1,0,0,0,0
Oceans / Coasts,5,0,0,0,0,0,0,1,0,0,0
Glaciers / High Mountains,5,0,0,0,0,0,0,0,1,0,0
Peatlands / Bogs,4,0,0,0,0,0,0,0,0,1,0
Air / Wind,5,0,0,0,0,0,0,0,0,0,1
