id,type
Air / Wind,motif
Amphibians / Wetlands,motif
Birds / Soundscape,motif
Forests / Trees,motif
Glaciers / High Mountains,motif
Night Sky / Moon,motif
Oceans / Coasts,motif
Peatlands / Bogs,motif
Pollinators / Insects,motif
Rivers / Freshwater,motif
air_quality,indicator
biodiversity_decline,indicator
cryosphere_melt,indicator
forest_loss,indicator
light_pollution,indicator
ocean_stress,indicator
peat_carbon_risk,indicator
pollinator_risk,indicator
river_pollution,indicator
wetland_loss,indicator
