path,bytes
data/nature_philosophy_material_facts.csv,3548
data/nature_poetry_50point_comparison.csv,7161
data/nature_poetry_50point_comparison.txt,6914
data/nature_poetry_insights_README.txt,1011
data/nature_poetry_insights_heatmap.csv,578
data/nature_poetry_insights_summary.csv,3581
data/nature_poetry_insights_summary.jsonl,5143
data/nature_poetry_insights_summary.xml,7463
data/nature_poetry_then_now_analysis.csv,2786
texts/nature_two_states_corpus.xml,8017
visuals/charts/output (6).png,101122
visuals/nature_two_states_corpus.zip,11994
visuals/two_faces_of_nature_project_proposal.md,4235
