motif,poets_examples,regions,poetic_signal_then,present_state_now,key_indicators,evidence_bodies,severity_1to5,tags
Rivers / Freshwater,Wordsworth; Tagore; Joy Harjo,UK; South Asia; North America (Indigenous),"Rivers as living, restorative presences; moral and spiritual continuity.","Widespread hydrological stress: droughts/flow deficits rising; nutrient pollution (e.g., Wye) and 2.2B lacking safely managed drinking water.",Water scarcity; nutrient pollution; drought frequency,UN/UNESCO; WMO hydrology syntheses; regional agencies,5,water;river;hydrology;pollution;scarcity
Forests / Trees,Hopkins; Whitman; Snyder; Senghor,Europe; North America; Africa,Trees as the earth’s moral canopy; refuge and order.,~420M ha forest lost since 1990 (FAO); ~517M ha tree-cover loss since 2001 (GFW); ongoing tropical primary forest loss.,Forest loss; primary forest decline; fire/ag expansion,FAO; Global Forest Watch,5,forest;deforestation;treecover;landuse
Birds / Soundscape,Shelley; Keats; Emily Dickinson; Indigenous traditions,Europe; North America; Global,Birdsong as divine/joyful voice of Nature.,North America down ~3B birds (−29%) since 1970; WWF reports −69% average wildlife decline (freshwater −83%).,Bird population trends; LPI freshwater,Science (2019); WWF LPR (2022),5,birds;birdsong;biodiversity;soundscape
Pollinators / Insects,Keats; Issa,Europe; Japan; Global,Effortless autumnal abundance and intimacy with small lives.,"~75% of crop types depend on animal pollination; evidence of regional declines (land-use change, pesticides, climate).",Pollinator dependence; decline evidence,FAO; IPBES,4,pollinators;bees;insects;agriculture
Amphibians / Wetlands,Bashō; haikai tradition,Japan; Global,Frog/pond as signal of quiet vitality and balance.,~41% amphibian species threatened (IUCN); global wetland degradation.,IUCN Red List status; wetland extent,IUCN; global assessments,5,amphibians;wetlands;frogs;IUCN
Night Sky / Moon,Li Bai; Tranströmer,China; Scandinavia; Global,Cosmic intimacy; the sky as companion and guidance.,~80% of North Americans and ~60% of Europeans cannot see the Milky Way due to skyglow (Falchi et al.).,Light-pollution atlas; visibility of Milky Way,Science Advances (Falchi et al.),4,lightpollution;night;sky;milkyway
Oceans / Coasts,Coleridge; Neruda; Walcott,Europe; Latin America; Caribbean; Global,"Sublimity, cultural home, plenitude.",>11 Mt plastic/year into oceans; ~35.5% fish stocks overfished; record marine heat and bleaching events.,Marine plastics; overfishing; marine heatwaves,UNEP; FAO; NOAA/WMO,5,ocean;plastic;fisheries;bleaching;heatwaves
Glaciers / High Mountains,Agha Shahid Ali; Iqbal; Mistral,Himalaya; Andes; Global cryosphere,"Purity, permanence, revelation at altitude.",Glaciers losing ~273 Gt/yr (2000–2023); accelerating mass loss with downstream water-security risks.,Glacier mass balance; runoff dependence,WMO; peer-reviewed syntheses,5,glaciers;cryosphere;mountains;watersecurity
Peatlands / Bogs,Seamus Heaney,Ireland; boreal/temperate peat zones,Memory vaults; sacred ground of time and self.,Drainage and ignition risks; high carbon vulnerability amid CO₂ >50% over pre-industrial.,Peat drainage/fire; atmospheric CO₂,NOAA; peatland assessments,4,peat;bog;carbon;CO2
Air / Wind,Shelley; Subramania Bharati,Europe; South Asia; Global,"Messenger of freedom, renewal, prophecy.",~99% of people breathe air exceeding WHO guideline levels for PM2.5; health burden disproportionately in Global South.,PM2.5 exposure; guideline exceedance,WHO; global air-quality datasets,5,air;PM25;health;WHO
