<?xml version="1.0" encoding="UTF-8"?>
<TEI xmlns="http://www.tei-c.org/ns/1.0">
  <teiHeader>
    <fileDesc>
      <titleStmt>
        <title>Nature Through Poetry — Analytical Insights (DH-Ready)</title>
        <respStmt>
          <resp>Compiler</resp>
          <name>ChatGPT</name>
        </respStmt>
      </titleStmt>
      <publicationStmt>
        <publisher>Compiled from public summaries and global indicator bodies</publisher>
        <date>2025-10-27</date>
      </publicationStmt>
      <sourceDesc>
        <p>Derived from project discussions plus indicators (FAO, GFW, WMO, WHO, UNEP, FAO fisheries, IPBES, IUCN, WWF, etc.).</p>
      </sourceDesc>
    </fileDesc>
  </teiHeader>
  <text>
    <body>
      
    <div type="insight" xml:id="ins1" motif="Rivers / Freshwater" severity="5">
      <head>Rivers / Freshwater</head>
      <bibl>Wordsworth; Tagore; Joy Harjo — UK; South Asia; North America (Indigenous)</bibl>
      <note type="then">Rivers as living, restorative presences; moral and spiritual continuity.</note>
      <p type="now">Widespread hydrological stress: droughts/flow deficits rising; nutrient pollution (e.g., Wye) and 2.2B lacking safely managed drinking water.</p>
      <list>
        <item type="indicator">Water scarcity; nutrient pollution; drought frequency</item>
        <item type="evidence">UN/UNESCO; WMO hydrology syntheses; regional agencies</item>
        <item type="tags">water;river;hydrology;pollution;scarcity</item>
      </list>
    </div>
    
    <div type="insight" xml:id="ins2" motif="Forests / Trees" severity="5">
      <head>Forests / Trees</head>
      <bibl>Hopkins; Whitman; Snyder; Senghor — Europe; North America; Africa</bibl>
      <note type="then">Trees as the earth’s moral canopy; refuge and order.</note>
      <p type="now">~420M ha forest lost since 1990 (FAO); ~517M ha tree-cover loss since 2001 (GFW); ongoing tropical primary forest loss.</p>
      <list>
        <item type="indicator">Forest loss; primary forest decline; fire/ag expansion</item>
        <item type="evidence">FAO; Global Forest Watch</item>
        <item type="tags">forest;deforestation;treecover;landuse</item>
      </list>
    </div>
    
    <div type="insight" xml:id="ins3" motif="Birds / Soundscape" severity="5">
      <head>Birds / Soundscape</head>
      <bibl>Shelley; Keats; Emily Dickinson; Indigenous traditions — Europe; North America; Global</bibl>
      <note type="then">Birdsong as divine/joyful voice of Nature.</note>
      <p type="now">North America down ~3B birds (−29%) since 1970; WWF reports −69% average wildlife decline (freshwater −83%).</p>
      <list>
        <item type="indicator">Bird population trends; LPI freshwater</item>
        <item type="evidence">Science (2019); WWF LPR (2022)</item>
        <item type="tags">birds;birdsong;biodiversity;soundscape</item>
      </list>
    </div>
    
    <div type="insight" xml:id="ins4" motif="Pollinators / Insects" severity="4">
      <head>Pollinators / Insects</head>
      <bibl>Keats; Issa — Europe; Japan; Global</bibl>
      <note type="then">Effortless autumnal abundance and intimacy with small lives.</note>
      <p type="now">~75% of crop types depend on animal pollination; evidence of regional declines (land-use change, pesticides, climate).</p>
      <list>
        <item type="indicator">Pollinator dependence; decline evidence</item>
        <item type="evidence">FAO; IPBES</item>
        <item type="tags">pollinators;bees;insects;agriculture</item>
      </list>
    </div>
    
    <div type="insight" xml:id="ins5" motif="Amphibians / Wetlands" severity="5">
      <head>Amphibians / Wetlands</head>
      <bibl>Bashō; haikai tradition — Japan; Global</bibl>
      <note type="then">Frog/pond as signal of quiet vitality and balance.</note>
      <p type="now">~41% amphibian species threatened (IUCN); global wetland degradation.</p>
      <list>
        <item type="indicator">IUCN Red List status; wetland extent</item>
        <item type="evidence">IUCN; global assessments</item>
        <item type="tags">amphibians;wetlands;frogs;IUCN</item>
      </list>
    </div>
    
    <div type="insight" xml:id="ins6" motif="Night Sky / Moon" severity="4">
      <head>Night Sky / Moon</head>
      <bibl>Li Bai; Tranströmer — China; Scandinavia; Global</bibl>
      <note type="then">Cosmic intimacy; the sky as companion and guidance.</note>
      <p type="now">~80% of North Americans and ~60% of Europeans cannot see the Milky Way due to skyglow (Falchi et al.).</p>
      <list>
        <item type="indicator">Light-pollution atlas; visibility of Milky Way</item>
        <item type="evidence">Science Advances (Falchi et al.)</item>
        <item type="tags">lightpollution;night;sky;milkyway</item>
      </list>
    </div>
    
    <div type="insight" xml:id="ins7" motif="Oceans / Coasts" severity="5">
      <head>Oceans / Coasts</head>
      <bibl>Coleridge; Neruda; Walcott — Europe; Latin America; Caribbean; Global</bibl>
      <note type="then">Sublimity, cultural home, plenitude.</note>
      <p type="now">&gt;11 Mt plastic/year into oceans; ~35.5% fish stocks overfished; record marine heat and bleaching events.</p>
      <list>
        <item type="indicator">Marine plastics; overfishing; marine heatwaves</item>
        <item type="evidence">UNEP; FAO; NOAA/WMO</item>
        <item type="tags">ocean;plastic;fisheries;bleaching;heatwaves</item>
      </list>
    </div>
    
    <div type="insight" xml:id="ins8" motif="Glaciers / High Mountains" severity="5">
      <head>Glaciers / High Mountains</head>
      <bibl>Agha Shahid Ali; Iqbal; Mistral — Himalaya; Andes; Global cryosphere</bibl>
      <note type="then">Purity, permanence, revelation at altitude.</note>
      <p type="now">Glaciers losing ~273 Gt/yr (2000–2023); accelerating mass loss with downstream water-security risks.</p>
      <list>
        <item type="indicator">Glacier mass balance; runoff dependence</item>
        <item type="evidence">WMO; peer-reviewed syntheses</item>
        <item type="tags">glaciers;cryosphere;mountains;watersecurity</item>
      </list>
    </div>
    
    <div type="insight" xml:id="ins9" motif="Peatlands / Bogs" severity="4">
      <head>Peatlands / Bogs</head>
      <bibl>Seamus Heaney — Ireland; boreal/temperate peat zones</bibl>
      <note type="then">Memory vaults; sacred ground of time and self.</note>
      <p type="now">Drainage and ignition risks; high carbon vulnerability amid CO₂ &gt;50% over pre-industrial.</p>
      <list>
        <item type="indicator">Peat drainage/fire; atmospheric CO₂</item>
        <item type="evidence">NOAA; peatland assessments</item>
        <item type="tags">peat;bog;carbon;CO2</item>
      </list>
    </div>
    
    <div type="insight" xml:id="ins10" motif="Air / Wind" severity="5">
      <head>Air / Wind</head>
      <bibl>Shelley; Subramania Bharati — Europe; South Asia; Global</bibl>
      <note type="then">Messenger of freedom, renewal, prophecy.</note>
      <p type="now">~99% of people breathe air exceeding WHO guideline levels for PM2.5; health burden disproportionately in Global South.</p>
      <list>
        <item type="indicator">PM2.5 exposure; guideline exceedance</item>
        <item type="evidence">WHO; global air-quality datasets</item>
        <item type="tags">air;PM25;health;WHO</item>
      </list>
    </div>
    
    </body>
  </text>
</TEI>
